Sequence Name	Sequence Description	Annotation GO ID	Annotation GO Term	Annotation GO Category	InterPro Accession	InterPro Name	atg_description
MA_10007908g0010	---NA---	NA	NA	NA	noIPR|noIPR|noIPR	null|null|null	NA
MA_10047456g0010	O-acyltransferase WSD1-like isoform X2	GO:0004144|GO:0042967|GO:0046486	diacylglycerol O-acyltransferase activity|acyl-carrier-protein biosynthetic process|glycerolipid metabolic process	Molecular Function|Biological Process|Biological Process	IPR009721|noIPR|noIPR|noIPR	O-acyltransferase WSD1, C-terminal|O-acyltransferase WSD1, C-terminal|O-acyltransferase WSD1, C-terminal|O-acyltransferase WSD1, C-terminal	AT3G49190-O-acyltransferase (WSD1-like) family protein
MA_100548g0010	BIG GRAIN 1-like B	NA	NA	NA	noIPR|noIPR|noIPR|noIPR	null|null|null|null	NA
MA_10161075g0010	MLO 4	GO:0006952|GO:0016021	defense response|integral component of membrane	Biological Process|Cellular Component	IPR004326|noIPR|noIPR|noIPR|noIPR|noIPR|noIPR|noIPR|noIPR	Mlo-related protein|Mlo-related protein|Mlo-related protein|Mlo-related protein|Mlo-related protein|Mlo-related protein|Mlo-related protein|Mlo-related protein|Mlo-related protein	AT1G11000-Seven transmembrane MLO family protein
MA_102199g0010	late elongated hypocotyl	GO:0003677	DNA binding	Molecular Function	IPR001005|noIPR|IPR001005|IPR006447|noIPR|noIPR|noIPR|noIPR|noIPR|IPR017930|IPR001005|IPR009057	SANT/Myb domain|SANT/Myb domain|SANT/Myb domain|Myb domain, plants|Myb domain, plants|Myb domain, plants|Myb domain, plants|Myb domain, plants|Myb domain, plants|Myb domain|SANT/Myb domain|Homeobox-like domain superfamily	AT1G01060-Homeodomain-like superfamily protein
MA_10234164g0010	dihydrolipoyllysine-residue acetyltransferase component 4 of pyruvate dehydrogenase chloroplastic	GO:0008152|GO:0016746	metabolic process|transferase activity, transferring acyl groups	Biological Process|Molecular Function	noIPR|IPR001078|noIPR|noIPR|noIPR	null|2-oxoacid dehydrogenase acyltransferase, catalytic domain|2-oxoacid dehydrogenase acyltransferase, catalytic domain|2-oxoacid dehydrogenase acyltransferase, catalytic domain|2-oxoacid dehydrogenase acyltransferase, catalytic domain	NA
MA_10276052g0010	2S (plasmid)	NA	NA	NA	noIPR|noIPR|IPR036312	null|null|Bifunctional inhibitor/plant lipid transfer protein/seed storage helical domain superfamily	NA
MA_10276660g0010	CELLULOSE SYNTHASE INTERACTIVE 3	GO:0005488	binding	Molecular Function	IPR000008|IPR000008|IPR035892|noIPR|noIPR|IPR000008|noIPR|IPR035892|IPR016024	C2 domain|C2 domain|C2 domain superfamily|C2 domain superfamily|C2 domain superfamily|C2 domain|C2 domain|C2 domain superfamily|Armadillo-type fold	NA
MA_10280648g0010	calmodulin-like	GO:0005509	calcium ion binding	Molecular Function	IPR002048|noIPR|noIPR|IPR002048|IPR002048|noIPR|noIPR|noIPR|IPR018247|IPR018247|IPR018247|IPR002048|IPR002048|IPR002048|IPR002048|IPR002048|IPR011992	EF-hand domain|EF-hand domain|EF-hand domain|EF-hand domain|EF-hand domain|EF-hand domain|EF-hand domain|EF-hand domain|EF-Hand 1, calcium-binding site|EF-Hand 1, calcium-binding site|EF-Hand 1, calcium-binding site|EF-hand domain|EF-hand domain|EF-hand domain|EF-hand domain|EF-hand domain|EF-hand domain pair	AT5G49480-Ca2+-binding protein 1
MA_102879g0010	oleoyl-acyl carrier thioesterase chloroplastic	GO:0006633|GO:0016790	fatty acid biosynthetic process|thiolester hydrolase activity	Biological Process|Molecular Function	noIPR|IPR002864|noIPR|noIPR|noIPR|noIPR|IPR029069	null|Acyl-ACP thioesterase|Acyl-ACP thioesterase|Acyl-ACP thioesterase|Acyl-ACP thioesterase|Acyl-ACP thioesterase|HotDog domain superfamily	AT3G25110-fatA acyl-ACP thioesterase
MA_10294386g0010	U-box domain-containing 4	GO:0005515	protein binding	Molecular Function	IPR000225|IPR011989|IPR000225|noIPR|noIPR|noIPR|IPR000225|IPR000225|IPR000225|IPR016024	Armadillo|Armadillo-like helical|Armadillo|Armadillo|Armadillo|Armadillo|Armadillo|Armadillo|Armadillo|Armadillo-type fold	AT3G03440-ARM repeat superfamily protein
MA_10335958g0010	formate--tetrahydrofolate ligase	GO:0004329|GO:0005524|GO:0009396|GO:0046487	formate-tetrahydrofolate ligase activity|ATP binding|folic acid-containing compound biosynthetic process|glyoxylate metabolic process	Molecular Function|Molecular Function|Biological Process|Biological Process	IPR000559|noIPR|noIPR|IPR027417	Formate-tetrahydrofolate ligase, FTHFS|Formate-tetrahydrofolate ligase, FTHFS|Formate-tetrahydrofolate ligase, FTHFS|P-loop containing nucleoside triphosphate hydrolase	NA
MA_10336161g0010	CELLULOSE SYNTHASE INTERACTIVE 3	GO:0005515	protein binding	Molecular Function	IPR011989|noIPR|noIPR|noIPR|noIPR|IPR000225|IPR016024	Armadillo-like helical|Armadillo-like helical|Armadillo-like helical|Armadillo-like helical|Armadillo-like helical|Armadillo|Armadillo-type fold	NA
MA_10425978g0010	neutral sphingomyelinase activation associated factor	NA	NA	NA	IPR000409|IPR036372|IPR000409|noIPR|noIPR|IPR000409|IPR036372	BEACH domain|BEACH domain superfamily|BEACH domain|BEACH domain|BEACH domain|BEACH domain|BEACH domain superfamily	NA
MA_10426316g0010	unknown	NA	NA	NA	IPR025883|noIPR|noIPR|noIPR|noIPR|noIPR	Cadherin-like beta sandwich domain|Cadherin-like beta sandwich domain|Cadherin-like beta sandwich domain|Cadherin-like beta sandwich domain|Cadherin-like beta sandwich domain|Cadherin-like beta sandwich domain	NA
MA_10426759g0010	glycosyltransferase CAZy family GT28	GO:0005975|GO:0016758|GO:0030259	carbohydrate metabolic process|transferase activity, transferring hexosyl groups|lipid glycosylation	Biological Process|Molecular Function|Biological Process	IPR004276|noIPR|noIPR|noIPR|noIPR|noIPR|noIPR|noIPR|noIPR|noIPR	Glycosyltransferase family 28, N-terminal domain|Glycosyltransferase family 28, N-terminal domain|Glycosyltransferase family 28, N-terminal domain|Glycosyltransferase family 28, N-terminal domain|Glycosyltransferase family 28, N-terminal domain|Glycosyltransferase family 28, N-terminal domain|Glycosyltransferase family 28, N-terminal domain|Glycosyltransferase family 28, N-terminal domain|Glycosyltransferase family 28, N-terminal domain|Glycosyltransferase family 28, N-terminal domain	AT1G73740-UDP-Glycosyltransferase superfamily protein
MA_10427844g0010	aspartic ase PCS1-like	GO:0004190|GO:0006508	aspartic-type endopeptidase activity|proteolysis	Molecular Function|Biological Process	IPR021109|IPR032861|IPR021109|IPR032799|noIPR|IPR001461|IPR001969|noIPR|noIPR|noIPR|IPR033121|IPR034161|noIPR|IPR021109	Aspartic peptidase domain superfamily|Xylanase inhibitor, N-terminal|Aspartic peptidase domain superfamily|Xylanase inhibitor, C-terminal|Xylanase inhibitor, C-terminal|Aspartic peptidase A1 family|Aspartic peptidase, active site|Aspartic peptidase, active site|Aspartic peptidase, active site|Aspartic peptidase, active site|Peptidase family A1 domain|Pepsin-like domain, plant|Pepsin-like domain, plant|Aspartic peptidase domain superfamily	AT5G02190-Eukaryotic aspartyl protease family protein
MA_10428082g0010	phosphoinositide phosphatase SAC3	GO:0007033|GO:0036092|GO:0042578	vacuole organization|phosphatidylinositol-3-phosphate biosynthetic process|phosphoric ester hydrolase activity	Biological Process|Biological Process|Molecular Function	IPR002013|noIPR|IPR030213|IPR002013	SAC domain|SAC domain|Phosphoinositide phosphatase SAC, plants|SAC domain	AT3G43220-Phosphoinositide phosphatase family protein
MA_10428679g0010	acyl- --sterol O-acyltransferase 1-like	NA	NA	NA	IPR032805|noIPR|noIPR|noIPR|noIPR|noIPR|noIPR|noIPR|noIPR|noIPR|noIPR|noIPR|noIPR|noIPR|noIPR|noIPR|noIPR|noIPR|noIPR|noIPR|noIPR|noIPR|noIPR|noIPR|noIPR|noIPR|noIPR|noIPR|noIPR	Wax synthase domain|Wax synthase domain|Wax synthase domain|Wax synthase domain|Wax synthase domain|Wax synthase domain|Wax synthase domain|Wax synthase domain|Wax synthase domain|Wax synthase domain|Wax synthase domain|Wax synthase domain|Wax synthase domain|Wax synthase domain|Wax synthase domain|Wax synthase domain|Wax synthase domain|Wax synthase domain|Wax synthase domain|Wax synthase domain|Wax synthase domain|Wax synthase domain|Wax synthase domain|Wax synthase domain|Wax synthase domain|Wax synthase domain|Wax synthase domain|Wax synthase domain|Wax synthase domain	AT3G51970-acyl-CoA sterol acyl transferase 1
MA_10429605g0010	---NA---	NA	NA	NA	noIPR|noIPR|noIPR	null|null|null	NA
MA_10429799g0010	cytochrome P450	GO:0006629	lipid metabolic process	Biological Process	IPR029058|IPR002921|noIPR|noIPR|noIPR|noIPR|IPR029058	Alpha/Beta hydrolase fold|Fungal lipase-like domain|Fungal lipase-like domain|Fungal lipase-like domain|Fungal lipase-like domain|Fungal lipase-like domain|Alpha/Beta hydrolase fold	AT3G07400-lipase class 3 family protein
MA_10430164g0010	kinesin KIN-8B isoform X1	GO:0003777|GO:0005524|GO:0005874|GO:0007018|GO:0008017|GO:0045298	microtubule motor activity|ATP binding|microtubule|microtubule-based movement|microtubule binding|tubulin complex	Molecular Function|Molecular Function|Cellular Component|Biological Process|Molecular Function|Cellular Component	IPR036961|IPR001752|IPR027640|noIPR|IPR001752|IPR027417	Kinesin motor domain superfamily|Kinesin motor domain|Kinesin-like protein|Kinesin-like protein|Kinesin motor domain|P-loop containing nucleoside triphosphate hydrolase	AT3G49650-P-loop containing nucleoside triphosphate hydrolases superfamily protein
MA_10430687g0010	serine threonine phosphatase 2A 55 kDa regulatory subunit B beta isoform isoform X2	GO:0000159|GO:0005515|GO:0019888	protein phosphatase type 2A complex|protein binding|protein phosphatase regulator activity	Cellular Component|Molecular Function|Molecular Function	IPR000009|IPR001680|IPR000009|IPR015943|IPR001680|IPR000009|noIPR|IPR018067|IPR018067|IPR036322	Protein phosphatase 2A regulatory subunit PR55|WD40 repeat|Protein phosphatase 2A regulatory subunit PR55|WD40/YVTN repeat-like-containing domain superfamily|WD40 repeat|Protein phosphatase 2A regulatory subunit PR55|Protein phosphatase 2A regulatory subunit PR55|Protein phosphatase 2A regulatory subunit PR55, conserved site|Protein phosphatase 2A regulatory subunit PR55, conserved site|WD40-repeat-containing domain superfamily	NA
MA_10430758g0010	expansin B1	GO:0005576	extracellular region	Cellular Component	IPR007118|IPR036908|IPR036908|IPR009009|noIPR|noIPR|noIPR|noIPR|noIPR|noIPR|noIPR|IPR007112|IPR007112|noIPR|noIPR|noIPR|noIPR|noIPR	Expansin/Lol pI|RlpA-like domain superfamily|RlpA-like domain superfamily|RlpA-like protein, double-psi beta-barrel domain|RlpA-like protein, double-psi beta-barrel domain|RlpA-like protein, double-psi beta-barrel domain|RlpA-like protein, double-psi beta-barrel domain|RlpA-like protein, double-psi beta-barrel domain|RlpA-like protein, double-psi beta-barrel domain|RlpA-like protein, double-psi beta-barrel domain|RlpA-like protein, double-psi beta-barrel domain|Expansin/pollen allergen, DPBB domain|Expansin/pollen allergen, DPBB domain|Expansin/pollen allergen, DPBB domain|Expansin/pollen allergen, DPBB domain|Expansin/pollen allergen, DPBB domain|Expansin/pollen allergen, DPBB domain|Expansin/pollen allergen, DPBB domain	AT4G28250-expansin B3
MA_10431272g0010	hemerythrin class glutathione S-transferase	NA	NA	NA	noIPR|noIPR	null|null	AT3G54290-hemerythrin HHE cation-binding domain protein
MA_10431316g0020	REF SRPP At3g05500	NA	NA	NA	IPR008802|noIPR|IPR008802|noIPR|noIPR|noIPR	Rubber elongation factor|Rubber elongation factor|Rubber elongation factor|Rubber elongation factor|Rubber elongation factor|Rubber elongation factor	AT3G05500-Rubber elongation factor protein (REF)
MA_10431610g0010	vacuolar iron transporter 1-like	GO:0005774|GO:0006880|GO:0016021	vacuolar membrane|intracellular sequestering of iron ion|integral component of membrane	Cellular Component|Biological Process|Cellular Component	IPR008217|noIPR|noIPR	Ccc1 family|Ccc1 family|Ccc1 family	AT2G01770-vacuolar iron transporter 1
MA_10431660g0010	stearoyl-[acyl-carrier- ] 9- chloroplastic	GO:0006633|GO:0045300|GO:0055114	fatty acid biosynthetic process|acyl-[acyl-carrier-protein] desaturase activity|oxidation-reduction process	Biological Process|Molecular Function|Biological Process	IPR005067|noIPR|noIPR|noIPR|IPR005067|IPR005067|noIPR|IPR005803|IPR005067|IPR005067|IPR009078|IPR009078	Fatty acid desaturase, type 2|Fatty acid desaturase, type 2|Fatty acid desaturase, type 2|Fatty acid desaturase, type 2|Fatty acid desaturase, type 2|Fatty acid desaturase, type 2|Fatty acid desaturase, type 2|Fatty acid desaturase type 2, conserved site|Fatty acid desaturase, type 2|Fatty acid desaturase, type 2|Ferritin-like superfamily|Ferritin-like superfamily	AT2G43710-Plant stearoyl-acyl-carrier-protein desaturase family protein
MA_10432714g0010	probable sodium-coupled neutral amino acid transporter 6	GO:0016021	integral component of membrane	Cellular Component	IPR013057|noIPR|noIPR|noIPR|noIPR|noIPR|noIPR|noIPR|noIPR|noIPR|noIPR|noIPR|noIPR|noIPR|noIPR|noIPR|noIPR|noIPR|noIPR|noIPR|noIPR|noIPR|noIPR|noIPR|noIPR|noIPR|noIPR|noIPR|noIPR|noIPR|noIPR|noIPR|noIPR|noIPR|noIPR|noIPR|noIPR	Amino acid transporter, transmembrane domain|Amino acid transporter, transmembrane domain|Amino acid transporter, transmembrane domain|Amino acid transporter, transmembrane domain|Amino acid transporter, transmembrane domain|Amino acid transporter, transmembrane domain|Amino acid transporter, transmembrane domain|Amino acid transporter, transmembrane domain|Amino acid transporter, transmembrane domain|Amino acid transporter, transmembrane domain|Amino acid transporter, transmembrane domain|Amino acid transporter, transmembrane domain|Amino acid transporter, transmembrane domain|Amino acid transporter, transmembrane domain|Amino acid transporter, transmembrane domain|Amino acid transporter, transmembrane domain|Amino acid transporter, transmembrane domain|Amino acid transporter, transmembrane domain|Amino acid transporter, transmembrane domain|Amino acid transporter, transmembrane domain|Amino acid transporter, transmembrane domain|Amino acid transporter, transmembrane domain|Amino acid transporter, transmembrane domain|Amino acid transporter, transmembrane domain|Amino acid transporter, transmembrane domain|Amino acid transporter, transmembrane domain|Amino acid transporter, transmembrane domain|Amino acid transporter, transmembrane domain|Amino acid transporter, transmembrane domain|Amino acid transporter, transmembrane domain|Amino acid transporter, transmembrane domain|Amino acid transporter, transmembrane domain|Amino acid transporter, transmembrane domain|Amino acid transporter, transmembrane domain|Amino acid transporter, transmembrane domain|Amino acid transporter, transmembrane domain|Amino acid transporter, transmembrane domain	AT3G30390-Transmembrane amino acid transporter family protein
MA_10433063g0010	proline transporter 2-like	GO:0003333|GO:0005886|GO:0015171	amino acid transmembrane transport|plasma membrane|amino acid transmembrane transporter activity	Biological Process|Cellular Component|Molecular Function	IPR013057|noIPR|noIPR|noIPR|noIPR|noIPR|noIPR|noIPR|noIPR|noIPR|noIPR|noIPR|noIPR|noIPR|noIPR|noIPR|noIPR|noIPR|noIPR|noIPR|noIPR|noIPR|noIPR|noIPR|noIPR|noIPR|noIPR|noIPR|noIPR|noIPR|noIPR|noIPR|noIPR|noIPR|noIPR|noIPR|noIPR	Amino acid transporter, transmembrane domain|Amino acid transporter, transmembrane domain|Amino acid transporter, transmembrane domain|Amino acid transporter, transmembrane domain|Amino acid transporter, transmembrane domain|Amino acid transporter, transmembrane domain|Amino acid transporter, transmembrane domain|Amino acid transporter, transmembrane domain|Amino acid transporter, transmembrane domain|Amino acid transporter, transmembrane domain|Amino acid transporter, transmembrane domain|Amino acid transporter, transmembrane domain|Amino acid transporter, transmembrane domain|Amino acid transporter, transmembrane domain|Amino acid transporter, transmembrane domain|Amino acid transporter, transmembrane domain|Amino acid transporter, transmembrane domain|Amino acid transporter, transmembrane domain|Amino acid transporter, transmembrane domain|Amino acid transporter, transmembrane domain|Amino acid transporter, transmembrane domain|Amino acid transporter, transmembrane domain|Amino acid transporter, transmembrane domain|Amino acid transporter, transmembrane domain|Amino acid transporter, transmembrane domain|Amino acid transporter, transmembrane domain|Amino acid transporter, transmembrane domain|Amino acid transporter, transmembrane domain|Amino acid transporter, transmembrane domain|Amino acid transporter, transmembrane domain|Amino acid transporter, transmembrane domain|Amino acid transporter, transmembrane domain|Amino acid transporter, transmembrane domain|Amino acid transporter, transmembrane domain|Amino acid transporter, transmembrane domain|Amino acid transporter, transmembrane domain|Amino acid transporter, transmembrane domain	AT2G39890-proline transporter 1
MA_10433214g0010	OBERON 1	NA	NA	NA	noIPR	null	AT1G05410-CDPK adapter, putative (DUF1423)
MA_10433214g0030	AF384822_1CDPK adapter 1	NA	NA	NA	IPR032881|noIPR|noIPR	Oberon, PHD finger domain|Oberon, PHD finger domain|Oberon, PHD finger domain	AT1G05410-CDPK adapter, putative (DUF1423)
MA_10433405g0010	phosphoribosylglycinamide chloroplastic isoform X1	GO:0009058|GO:0016742	biosynthetic process|hydroxymethyl-, formyl- and related transferase activity	Biological Process|Molecular Function	IPR002376|IPR036477|noIPR|noIPR|IPR036477	Formyl transferase, N-terminal|Formyl transferase, N-terminal domain superfamily|Formyl transferase, N-terminal domain superfamily|Formyl transferase, N-terminal domain superfamily|Formyl transferase, N-terminal domain superfamily	NA
MA_10433410g0010	vacuolar fusion CCZ1 homolog B isoform X1	NA	NA	NA	NA	NA	NA
MA_10433963g0010	stearoyl-[acyl-carrier- ] 9- chloroplastic	GO:0006633|GO:0045300|GO:0055114	fatty acid biosynthetic process|acyl-[acyl-carrier-protein] desaturase activity|oxidation-reduction process	Biological Process|Molecular Function|Biological Process	IPR005067|IPR005067|noIPR|IPR005067|noIPR|IPR005803|IPR005067|IPR009078	Fatty acid desaturase, type 2|Fatty acid desaturase, type 2|Fatty acid desaturase, type 2|Fatty acid desaturase, type 2|Fatty acid desaturase, type 2|Fatty acid desaturase type 2, conserved site|Fatty acid desaturase, type 2|Ferritin-like superfamily	AT2G43710-Plant stearoyl-acyl-carrier-protein desaturase family protein
MA_10434033g0010	calcium binding with EF-hand	GO:0005509	calcium ion binding	Molecular Function	noIPR|IPR002048|noIPR|IPR018247|IPR002048|IPR011992	null|EF-hand domain|EF-hand domain|EF-Hand 1, calcium-binding site|EF-hand domain|EF-hand domain pair	AT2G46600-Calcium-binding EF-hand family protein
MA_10434308g0030	CC-NBS-LRR	GO:0043531	ADP binding	Molecular Function	IPR036388|noIPR|noIPR	Winged helix-like DNA-binding domain superfamily|Winged helix-like DNA-binding domain superfamily|Winged helix-like DNA-binding domain superfamily	AT5G04720-ADR1-like 2
MA_10434343g0010	phosphoribosylglycinamide chloroplastic	GO:0009058|GO:0016742	biosynthetic process|hydroxymethyl-, formyl- and related transferase activity	Biological Process|Molecular Function	IPR036477	Formyl transferase, N-terminal domain superfamily	NA
MA_10434662g0020	biotin carboxylase chloroplastic	GO:0004075|GO:0005524|GO:0006633|GO:0009343|GO:0046872	biotin carboxylase activity|ATP binding|fatty acid biosynthetic process|biotin carboxylase complex|metal ion binding	Molecular Function|Molecular Function|Biological Process|Cellular Component|Molecular Function	noIPR|noIPR|IPR005479|IPR005481|noIPR|noIPR|IPR005479|IPR011764|IPR011761|noIPR|IPR016185	null|null|Carbamoyl-phosphate synthetase large subunit-like, ATP-binding domain|Biotin carboxylase-like, N-terminal domain|Biotin carboxylase-like, N-terminal domain|Biotin carboxylase-like, N-terminal domain|Carbamoyl-phosphate synthetase large subunit-like, ATP-binding domain|Biotin carboxylation domain|ATP-grasp fold|ATP-grasp fold|Pre-ATP-grasp domain superfamily	AT5G35360-acetyl Co-enzyme a carboxylase biotin carboxylase subunit
MA_10435587g0010	alpha-glucan H isozyme	GO:0005975|GO:0008184	carbohydrate metabolic process|glycogen phosphorylase activity	Biological Process|Molecular Function	noIPR|IPR000811|IPR000811|noIPR|noIPR	null|Glycosyl transferase, family 35|Glycosyl transferase, family 35|Glycosyl transferase, family 35|Glycosyl transferase, family 35	AT3G46970-alpha-glucan phosphorylase 2
MA_10435720g0010	DRD1, partial	GO:0005524	ATP binding	Molecular Function	noIPR|noIPR	null|null	NA
MA_10436396g0020	CELLULOSE SYNTHASE INTERACTIVE 3	GO:0005515	protein binding	Molecular Function	IPR000225|IPR011989|IPR011989|noIPR|noIPR|IPR016024	Armadillo|Armadillo-like helical|Armadillo-like helical|Armadillo-like helical|Armadillo-like helical|Armadillo-type fold	AT1G77460-CELLULOSE SYNTHASE INTERACTIVE 3
MA_10436454g0010	Acyl- dependent delta5-desaturase	GO:0006629	lipid metabolic process	Biological Process	IPR001199|IPR005804|IPR036400|noIPR|noIPR|noIPR|noIPR|noIPR|noIPR|noIPR|noIPR|noIPR|IPR001199|IPR036400|noIPR|noIPR|noIPR	Cytochrome b5-like heme/steroid binding domain|Fatty acid desaturase domain|Cytochrome b5-like heme/steroid binding domain superfamily|Cytochrome b5-like heme/steroid binding domain superfamily|Cytochrome b5-like heme/steroid binding domain superfamily|Cytochrome b5-like heme/steroid binding domain superfamily|Cytochrome b5-like heme/steroid binding domain superfamily|Cytochrome b5-like heme/steroid binding domain superfamily|Cytochrome b5-like heme/steroid binding domain superfamily|Cytochrome b5-like heme/steroid binding domain superfamily|Cytochrome b5-like heme/steroid binding domain superfamily|Cytochrome b5-like heme/steroid binding domain superfamily|Cytochrome b5-like heme/steroid binding domain|Cytochrome b5-like heme/steroid binding domain superfamily|Cytochrome b5-like heme/steroid binding domain superfamily|Cytochrome b5-like heme/steroid binding domain superfamily|Cytochrome b5-like heme/steroid binding domain superfamily	NA
MA_10436826g0010	isoaspartyl peptidase L-asparaginase 1	GO:0016787	hydrolase activity	Molecular Function	IPR000246|noIPR|IPR000246|noIPR|IPR029055	Peptidase T2, asparaginase 2|Peptidase T2, asparaginase 2|Peptidase T2, asparaginase 2|Peptidase T2, asparaginase 2|Nucleophile aminohydrolases, N-terminal	AT5G08100-N-terminal nucleophile aminohydrolases (Ntn hydrolases) superfamily protein
MA_10436826g0020	isoaspartyl peptidase L-asparaginase 1	GO:0016787	hydrolase activity	Molecular Function	IPR000246|IPR000246|noIPR|noIPR|noIPR|noIPR|IPR029055|noIPR	Peptidase T2, asparaginase 2|Peptidase T2, asparaginase 2|Peptidase T2, asparaginase 2|Peptidase T2, asparaginase 2|Peptidase T2, asparaginase 2|Peptidase T2, asparaginase 2|Nucleophile aminohydrolases, N-terminal|Nucleophile aminohydrolases, N-terminal	AT5G08100-N-terminal nucleophile aminohydrolases (Ntn hydrolases) superfamily protein
MA_10436845g0010	uncharacterized protein LOC18430213	NA	NA	NA	noIPR|noIPR|noIPR|noIPR|noIPR|noIPR|noIPR|noIPR	null|null|null|null|null|null|null|null	NA
MA_10437018g0010	mitogen-activated kinase 2	GO:0004707|GO:0005524|GO:0006468|GO:0007178|GO:0009069	MAP kinase activity|ATP binding|protein phosphorylation|transmembrane receptor protein serine/threonine kinase signaling pathway|serine family amino acid metabolic process	Molecular Function|Molecular Function|Biological Process|Biological Process|Biological Process	noIPR|IPR000719|noIPR|noIPR|noIPR|IPR000719|noIPR|noIPR|IPR008271|IPR003527|IPR017441|IPR000719|IPR011009	null|Protein kinase domain|Protein kinase domain|Protein kinase domain|Protein kinase domain|Protein kinase domain|Protein kinase domain|Protein kinase domain|Serine/threonine-protein kinase, active site|Mitogen-activated protein (MAP) kinase, conserved site|Protein kinase, ATP binding site|Protein kinase domain|Protein kinase-like domain superfamily	AT4G01370-MAP kinase 4
MA_10437129g0010	alpha-glucan H isozyme	GO:0005975|GO:0008184|GO:0030170	carbohydrate metabolic process|glycogen phosphorylase activity|pyridoxal phosphate binding	Biological Process|Molecular Function|Molecular Function	noIPR|noIPR|IPR000811|IPR011833|noIPR|IPR000811|IPR035090|noIPR	null|null|Glycosyl transferase, family 35|Glycogen/starch/alpha-glucan phosphorylase|Glycogen/starch/alpha-glucan phosphorylase|Glycosyl transferase, family 35|Phosphorylase pyridoxal-phosphate attachment site|Phosphorylase pyridoxal-phosphate attachment site	AT3G46970-alpha-glucan phosphorylase 2
MA_109115g0010	CHROMATIN REMODELING 35-like	GO:0005524	ATP binding	Molecular Function	IPR014001|IPR000330|IPR001650|noIPR|noIPR|noIPR|noIPR|noIPR|noIPR|IPR014001|IPR001650|noIPR|IPR001650|IPR027417|IPR027417	Helicase superfamily 1/2, ATP-binding domain|SNF2-related, N-terminal domain|Helicase, C-terminal|Helicase, C-terminal|Helicase, C-terminal|Helicase, C-terminal|Helicase, C-terminal|Helicase, C-terminal|Helicase, C-terminal|Helicase superfamily 1/2, ATP-binding domain|Helicase, C-terminal|Helicase, C-terminal|Helicase, C-terminal|P-loop containing nucleoside triphosphate hydrolase|P-loop containing nucleoside triphosphate hydrolase	AT2G16390-SNF2 domain-containing protein / helicase domain-containing protein
MA_11119g0010	2S seed storage precursor	NA	NA	NA	noIPR	null	NA
MA_11457g0010	acetyl-coenzyme A carboxylase carboxyl transferase subunit chloroplastic-like	GO:0003989|GO:0006090|GO:0006633|GO:0009317	acetyl-CoA carboxylase activity|pyruvate metabolic process|fatty acid biosynthetic process|acetyl-CoA carboxylase complex	Molecular Function|Biological Process|Biological Process|Cellular Component	noIPR|IPR001095	null|Acetyl-CoA carboxylase, alpha subunit	AT2G38040-acetyl Co-enzyme a carboxylase carboxyltransferase alpha subunit
MA_1164478g0010	hemerythrin class glutathione S-transferase	GO:0016740	transferase activity	Molecular Function	noIPR|noIPR|noIPR|IPR012312|noIPR|noIPR|noIPR|noIPR|noIPR|noIPR|noIPR|IPR036282|noIPR	null|null|null|Haemerythrin-like|Haemerythrin-like|Haemerythrin-like|Haemerythrin-like|Haemerythrin-like|Haemerythrin-like|Haemerythrin-like|Haemerythrin-like|Glutathione S-transferase, C-terminal domain superfamily|Glutathione S-transferase, C-terminal domain superfamily	AT3G54290-hemerythrin HHE cation-binding domain protein
MA_11992g0010	WEAK CHLOROPLAST MOVEMENT UNDER BLUE LIGHT 1	GO:0005515|GO:0005829|GO:0005886|GO:0009903|GO:0009904	protein binding|cytosol|plasma membrane|chloroplast avoidance movement|chloroplast accumulation movement	Molecular Function|Cellular Component|Cellular Component|Biological Process|Biological Process	noIPR|noIPR|noIPR|noIPR|noIPR|noIPR|noIPR|noIPR|noIPR|IPR008545|noIPR|noIPR|noIPR|noIPR|noIPR|noIPR	null|null|null|null|null|null|null|null|null|WEB family|WEB family|WEB family|WEB family|WEB family|WEB family|WEB family	AT1G45545-WEAK CHLOROPLAST MOVEMENT UNDER BLUE LIGHT-like protein (DUF827)
MA_120084g0010	disease resistance (TIR-NBS-LRR class)	NA	NA	NA	IPR032675|IPR032675|IPR032675|noIPR|IPR032675	Leucine-rich repeat domain superfamily|Leucine-rich repeat domain superfamily|Leucine-rich repeat domain superfamily|Leucine-rich repeat domain superfamily|Leucine-rich repeat domain superfamily	NA
MA_121663g0010	zinc transporter 11-like	GO:0016020|GO:0030001|GO:0046873|GO:0055085	membrane|metal ion transport|metal ion transmembrane transporter activity|transmembrane transport	Cellular Component|Biological Process|Molecular Function|Biological Process	IPR003689|noIPR|noIPR|noIPR|noIPR|noIPR|noIPR|noIPR|noIPR|noIPR|noIPR|noIPR|noIPR|noIPR|noIPR|noIPR|noIPR|noIPR|noIPR|noIPR|noIPR|noIPR|noIPR|noIPR|noIPR|noIPR|noIPR|noIPR|noIPR|noIPR|noIPR|noIPR|noIPR|noIPR|noIPR	Zinc/iron permease|Zinc/iron permease|Zinc/iron permease|Zinc/iron permease|Zinc/iron permease|Zinc/iron permease|Zinc/iron permease|Zinc/iron permease|Zinc/iron permease|Zinc/iron permease|Zinc/iron permease|Zinc/iron permease|Zinc/iron permease|Zinc/iron permease|Zinc/iron permease|Zinc/iron permease|Zinc/iron permease|Zinc/iron permease|Zinc/iron permease|Zinc/iron permease|Zinc/iron permease|Zinc/iron permease|Zinc/iron permease|Zinc/iron permease|Zinc/iron permease|Zinc/iron permease|Zinc/iron permease|Zinc/iron permease|Zinc/iron permease|Zinc/iron permease|Zinc/iron permease|Zinc/iron permease|Zinc/iron permease|Zinc/iron permease|Zinc/iron permease	AT1G55910-zinc transporter 11 precursor
MA_121739g0010	unknown	GO:0016021	integral component of membrane	Cellular Component	noIPR|noIPR|noIPR|noIPR|noIPR|noIPR|noIPR|noIPR|noIPR|noIPR|noIPR	null|null|null|null|null|null|null|null|null|null|null	NA
MA_127081g0010	NFX1-type zinc finger-containing 1-like isoform X1	NA	NA	NA	noIPR|noIPR|noIPR|noIPR|noIPR|noIPR|IPR027417	null|null|null|null|null|null|P-loop containing nucleoside triphosphate hydrolase	AT2G38770-P-loop containing nucleoside triphosphate hydrolases superfamily protein
MA_13078g0020	WAT1-related At1g09380	GO:0016021|GO:0022857	integral component of membrane|transmembrane transporter activity	Cellular Component|Molecular Function	IPR000620|noIPR|noIPR|IPR030184|noIPR|noIPR|noIPR|noIPR|noIPR|noIPR|noIPR|noIPR|noIPR|noIPR|noIPR|noIPR|noIPR|noIPR|noIPR|noIPR|noIPR|noIPR|noIPR|noIPR|noIPR|noIPR|noIPR|noIPR|noIPR|noIPR|noIPR|noIPR|noIPR|noIPR	EamA domain|EamA domain|EamA domain|WAT1-related protein|WAT1-related protein|WAT1-related protein|WAT1-related protein|WAT1-related protein|WAT1-related protein|WAT1-related protein|WAT1-related protein|WAT1-related protein|WAT1-related protein|WAT1-related protein|WAT1-related protein|WAT1-related protein|WAT1-related protein|WAT1-related protein|WAT1-related protein|WAT1-related protein|WAT1-related protein|WAT1-related protein|WAT1-related protein|WAT1-related protein|WAT1-related protein|WAT1-related protein|WAT1-related protein|WAT1-related protein|WAT1-related protein|WAT1-related protein|WAT1-related protein|WAT1-related protein|WAT1-related protein|WAT1-related protein	AT5G07050-nodulin MtN21 /EamA-like transporter family protein
MA_1308g0020	retinoblastoma-related	GO:0005634|GO:0006357|GO:0051726	nucleus|regulation of transcription from RNA polymerase II promoter|regulation of cell cycle	Cellular Component|Biological Process|Biological Process	IPR002720|IPR036915|IPR002720|IPR002719|IPR036915|noIPR|IPR028309|IPR015652|IPR036915|IPR036915	Retinoblastoma-associated protein, A-box|Cyclin-like superfamily|Retinoblastoma-associated protein, A-box|Retinoblastoma-associated protein, B-box|Cyclin-like superfamily|Cyclin-like superfamily|Retinoblastoma protein family|Retinoblastoma-related protein|Cyclin-like superfamily|Cyclin-like superfamily	AT3G12280-retinoblastoma-related 1
MA_136565g0010	unknown	NA	NA	NA	NA	NA	NA
MA_140728g0010	vacuolar iron transporter 1	GO:0016021	integral component of membrane	Cellular Component	IPR008217|noIPR|noIPR|noIPR|noIPR|noIPR|noIPR|noIPR|noIPR|noIPR|noIPR|noIPR|noIPR	Ccc1 family|Ccc1 family|Ccc1 family|Ccc1 family|Ccc1 family|Ccc1 family|Ccc1 family|Ccc1 family|Ccc1 family|Ccc1 family|Ccc1 family|Ccc1 family|Ccc1 family	AT2G01770-vacuolar iron transporter 1
MA_14556g0010	sucrose transport SUC2	GO:0006810|GO:0016021|GO:0044464|GO:0044699	transport|integral component of membrane|cell part|single-organism process	Biological Process|Cellular Component|Cellular Component|Biological Process	noIPR|noIPR|noIPR|noIPR|noIPR|noIPR|noIPR|noIPR|noIPR|noIPR|noIPR|noIPR|noIPR|noIPR|noIPR|noIPR|noIPR|noIPR|noIPR|noIPR|noIPR|noIPR|noIPR|noIPR|IPR036259|noIPR|noIPR|noIPR|noIPR|noIPR|noIPR|noIPR|noIPR	null|null|null|null|null|null|null|null|null|null|null|null|null|null|null|null|null|null|null|null|null|null|null|null|MFS transporter superfamily|MFS transporter superfamily|MFS transporter superfamily|MFS transporter superfamily|MFS transporter superfamily|MFS transporter superfamily|MFS transporter superfamily|MFS transporter superfamily|MFS transporter superfamily	AT1G22710-sucrose-proton symporter 2
MA_14810g0010	---NA---	NA	NA	NA	noIPR|noIPR|noIPR	null|null|null	NA
MA_15149g0010	F-box At2g27310-like	GO:0030246	carbohydrate binding	Molecular Function	noIPR|IPR014718|noIPR|noIPR	null|Glycoside hydrolase-type carbohydrate-binding|Glycoside hydrolase-type carbohydrate-binding|Glycoside hydrolase-type carbohydrate-binding	AT2G27310-F-box family protein
MA_16923g0030	Polyketide cyclase dehydrase and lipid transport superfamily	GO:0008289	lipid binding	Molecular Function	IPR023393|IPR002913|noIPR|noIPR|noIPR|noIPR|noIPR|noIPR|noIPR|IPR002913|noIPR|noIPR|noIPR|noIPR	START-like domain superfamily|START domain|START domain|START domain|START domain|START domain|START domain|START domain|START domain|START domain|START domain|START domain|START domain|START domain	AT1G64720-Polyketide cyclase/dehydrase and lipid transport superfamily protein
MA_170551g0010	cinnamoyl- reductase 1-like	GO:0003824|GO:0050662	catalytic activity|coenzyme binding	Molecular Function|Molecular Function	noIPR|noIPR|noIPR|IPR036291	null|null|null|NAD(P)-binding domain superfamily	AT5G19440-NAD(P)-binding Rossmann-fold superfamily protein
MA_184516g0010	pullulanase chloroplastic	GO:0004553|GO:0005982|GO:0009507	hydrolase activity, hydrolyzing O-glycosyl compounds|starch metabolic process|chloroplast	Molecular Function|Biological Process|Cellular Component	IPR024561|noIPR|noIPR|noIPR|noIPR|IPR017853	Alpha-1,6-glucosidases, pullulanase-type, C-terminal|Alpha-1,6-glucosidases, pullulanase-type, C-terminal|Alpha-1,6-glucosidases, pullulanase-type, C-terminal|Alpha-1,6-glucosidases, pullulanase-type, C-terminal|Alpha-1,6-glucosidases, pullulanase-type, C-terminal|Glycoside hydrolase superfamily	AT5G04360-limit dextrinase
MA_18557g0010	probable endo-1,3(4)-beta-glucanase ARB_01444	GO:0052861	glucan endo-1,3-beta-glucanase activity, C-3 substituted reducing group	Molecular Function	noIPR|noIPR|noIPR|IPR005200|noIPR|IPR005200|noIPR	null|null|null|Endo-1,3(4)-beta-glucanase|Endo-1,3(4)-beta-glucanase|Endo-1,3(4)-beta-glucanase|Endo-1,3(4)-beta-glucanase	AT5G15870-glycosyl hydrolase family 81 protein
MA_19604g0020	---NA---	NA	NA	NA	NA	NA	NA
MA_19660g0010	BI1	GO:0009987|GO:0016021|GO:0044699	cellular process|integral component of membrane|single-organism process	Biological Process|Cellular Component|Biological Process	IPR006214|IPR006214|noIPR|noIPR|noIPR|noIPR|noIPR|noIPR|noIPR|noIPR|noIPR|noIPR|noIPR|noIPR|noIPR|noIPR|noIPR|noIPR|noIPR|noIPR|noIPR|noIPR|noIPR|noIPR|noIPR	Bax inhibitor 1-related|Bax inhibitor 1-related|Bax inhibitor 1-related|Bax inhibitor 1-related|Bax inhibitor 1-related|Bax inhibitor 1-related|Bax inhibitor 1-related|Bax inhibitor 1-related|Bax inhibitor 1-related|Bax inhibitor 1-related|Bax inhibitor 1-related|Bax inhibitor 1-related|Bax inhibitor 1-related|Bax inhibitor 1-related|Bax inhibitor 1-related|Bax inhibitor 1-related|Bax inhibitor 1-related|Bax inhibitor 1-related|Bax inhibitor 1-related|Bax inhibitor 1-related|Bax inhibitor 1-related|Bax inhibitor 1-related|Bax inhibitor 1-related|Bax inhibitor 1-related|Bax inhibitor 1-related	AT3G63310-Bax inhibitor-1 family protein
MA_197119g0010	cell division homolog 2- chloroplastic-like	GO:0000166	nucleotide binding	Molecular Function	NA	NA	AT3G52750-Tubulin/FtsZ family protein
MA_20551g0010	delta(12)-fatty-acid desaturase FAD2-like	GO:0006629|GO:0016717|GO:0055114	lipid metabolic process|oxidoreductase activity, acting on paired donors, with oxidation of a pair of donors resulting in the reduction of molecular oxygen to two molecules of water|oxidation-reduction process	Biological Process|Molecular Function|Biological Process	IPR005804|IPR021863|noIPR|noIPR|noIPR|noIPR|noIPR|noIPR|noIPR|noIPR|noIPR|noIPR|noIPR|noIPR|noIPR|noIPR|noIPR|noIPR|noIPR|noIPR|noIPR|noIPR|noIPR|noIPR|noIPR	Fatty acid desaturase domain|Fatty acid desaturase, N-terminal|Fatty acid desaturase, N-terminal|Fatty acid desaturase, N-terminal|Fatty acid desaturase, N-terminal|Fatty acid desaturase, N-terminal|Fatty acid desaturase, N-terminal|Fatty acid desaturase, N-terminal|Fatty acid desaturase, N-terminal|Fatty acid desaturase, N-terminal|Fatty acid desaturase, N-terminal|Fatty acid desaturase, N-terminal|Fatty acid desaturase, N-terminal|Fatty acid desaturase, N-terminal|Fatty acid desaturase, N-terminal|Fatty acid desaturase, N-terminal|Fatty acid desaturase, N-terminal|Fatty acid desaturase, N-terminal|Fatty acid desaturase, N-terminal|Fatty acid desaturase, N-terminal|Fatty acid desaturase, N-terminal|Fatty acid desaturase, N-terminal|Fatty acid desaturase, N-terminal|Fatty acid desaturase, N-terminal|Fatty acid desaturase, N-terminal	AT3G12120-fatty acid desaturase 2
MA_215819g0010	sym-1	GO:0016021	integral component of membrane	Cellular Component	IPR007248|noIPR|IPR007248|noIPR|noIPR|noIPR|noIPR|noIPR|noIPR|noIPR|noIPR|noIPR|noIPR|noIPR|noIPR	Mpv17/PMP22|Mpv17/PMP22|Mpv17/PMP22|Mpv17/PMP22|Mpv17/PMP22|Mpv17/PMP22|Mpv17/PMP22|Mpv17/PMP22|Mpv17/PMP22|Mpv17/PMP22|Mpv17/PMP22|Mpv17/PMP22|Mpv17/PMP22|Mpv17/PMP22|Mpv17/PMP22	NA
MA_217871g0010	legumin-like storage	GO:0045735	nutrient reservoir activity	Molecular Function	IPR006044|IPR006045|IPR006045|IPR014710|noIPR|noIPR|IPR011051	11-S seed storage protein, plant|Cupin 1|Cupin 1|RmlC-like jelly roll fold|RmlC-like jelly roll fold|RmlC-like jelly roll fold|RmlC-like cupin domain superfamily	AT4G28520-cruciferin 3
MA_244661g0010	DJ-1 homolog D	GO:0006089|GO:0016798	lactate metabolic process|hydrolase activity, acting on glycosyl bonds	Biological Process|Molecular Function	IPR029062|IPR029062|IPR002818|noIPR|noIPR|noIPR|noIPR|IPR029062|IPR029062	Class I glutamine amidotransferase-like|Class I glutamine amidotransferase-like|DJ-1/PfpI|DJ-1/PfpI|DJ-1/PfpI|DJ-1/PfpI|DJ-1/PfpI|Class I glutamine amidotransferase-like|Class I glutamine amidotransferase-like	NA
MA_25654g0010	3-oxoacyl-[acyl-carrier- ] reductase 4-like	GO:0016491	oxidoreductase activity	Molecular Function	IPR002347|IPR002347|noIPR|noIPR|noIPR|noIPR|IPR020904|noIPR|IPR036291	Short-chain dehydrogenase/reductase SDR|Short-chain dehydrogenase/reductase SDR|Short-chain dehydrogenase/reductase SDR|Short-chain dehydrogenase/reductase SDR|Short-chain dehydrogenase/reductase SDR|Short-chain dehydrogenase/reductase SDR|Short-chain dehydrogenase/reductase, conserved site|Short-chain dehydrogenase/reductase, conserved site|NAD(P)-binding domain superfamily	AT1G24360-NAD(P)-binding Rossmann-fold superfamily protein
MA_27749g0010	Methionine synthase	GO:0003871|GO:0008270|GO:0009086	5-methyltetrahydropteroyltriglutamate-homocysteine S-methyltransferase activity|zinc ion binding|methionine biosynthetic process	Molecular Function|Molecular Function|Biological Process	noIPR|IPR013215|noIPR|noIPR|noIPR	null|Cobalamin-independent methionine synthase MetE, N-terminal|Cobalamin-independent methionine synthase MetE, N-terminal|Cobalamin-independent methionine synthase MetE, N-terminal|Cobalamin-independent methionine synthase MetE, N-terminal	AT3G03780-methionine synthase 2
MA_2868651g0010	Major pollen allergen Lol pI	GO:0005576|GO:0006949|GO:0009506|GO:0016021|GO:0019953	extracellular region|syncytium formation|plasmodesma|integral component of membrane|sexual reproduction	Cellular Component|Biological Process|Cellular Component|Cellular Component|Biological Process	NA	NA	NA
MA_28880g0010	legumin A-like	GO:0045735	nutrient reservoir activity	Molecular Function	IPR006045|IPR014710|noIPR|noIPR|noIPR|IPR011051	Cupin 1|RmlC-like jelly roll fold|RmlC-like jelly roll fold|RmlC-like jelly roll fold|RmlC-like jelly roll fold|RmlC-like cupin domain superfamily	AT5G44120-RmlC-like cupins superfamily protein
MA_28937g0020	---NA---	NA	NA	NA	noIPR|noIPR|noIPR|noIPR|noIPR|noIPR	null|null|null|null|null|null	NA
MA_338480g0010	jacalin-related lectin 3	NA	NA	NA	IPR001229|IPR036404|IPR001229|noIPR|noIPR|noIPR|noIPR|noIPR|noIPR|IPR001229|noIPR|IPR036404	Jacalin-like lectin domain|Jacalin-like lectin domain superfamily|Jacalin-like lectin domain|Jacalin-like lectin domain|Jacalin-like lectin domain|Jacalin-like lectin domain|Jacalin-like lectin domain|Jacalin-like lectin domain|Jacalin-like lectin domain|Jacalin-like lectin domain|Jacalin-like lectin domain|Jacalin-like lectin domain superfamily	NA
MA_338838g0010	2S seed storage precursor	NA	NA	NA	IPR016140|noIPR|noIPR|IPR036312	Bifunctional inhibitor/plant lipid transfer protein/seed storage helical domain|Bifunctional inhibitor/plant lipid transfer protein/seed storage helical domain|Bifunctional inhibitor/plant lipid transfer protein/seed storage helical domain|Bifunctional inhibitor/plant lipid transfer protein/seed storage helical domain superfamily	NA
MA_338g0010	oleoyl-acyl carrier chloroplastic	GO:0006633|GO:0016790	fatty acid biosynthetic process|thiolester hydrolase activity	Biological Process|Molecular Function	IPR002864|noIPR|noIPR|noIPR|noIPR|noIPR|IPR029069	Acyl-ACP thioesterase|Acyl-ACP thioesterase|Acyl-ACP thioesterase|Acyl-ACP thioesterase|Acyl-ACP thioesterase|Acyl-ACP thioesterase|HotDog domain superfamily	AT3G25110-fatA acyl-ACP thioesterase
MA_348074g0010	Golgi to ER traffic 4 homolog	NA	NA	NA	IPR007317|IPR007317	Uncharacterised protein family UPF0363|Uncharacterised protein family UPF0363	AT5G63220-golgi-to-ER traffic-like protein
MA_361914g0010	BnaC05g40190D	NA	NA	NA	NA	NA	AT1G31770-ATP-binding cassette 14
MA_36205g0010	pollen-specific leucine-rich repeat extensin 1	GO:0005515	protein binding	Molecular Function	IPR000270|IPR000270|noIPR|noIPR|noIPR|noIPR|noIPR|noIPR|noIPR|noIPR|noIPR	PB1 domain|PB1 domain|PB1 domain|PB1 domain|PB1 domain|PB1 domain|PB1 domain|PB1 domain|PB1 domain|PB1 domain|PB1 domain	AT2G01190-Octicosapeptide/Phox/Bem1p family protein
MA_3692838g0010	NBS-LRR	GO:0043531	ADP binding	Molecular Function	IPR036388|IPR002182|noIPR|noIPR|IPR036390|IPR027417	Winged helix-like DNA-binding domain superfamily|NB-ARC|NB-ARC|NB-ARC|Winged helix DNA-binding domain superfamily|P-loop containing nucleoside triphosphate hydrolase	AT1G27170-transmembrane receptors / ATP binding protein
MA_37890g0010	chlorophyllase- chloroplastic	GO:0015996|GO:0047746	chlorophyll catabolic process|chlorophyllase activity	Biological Process|Molecular Function	IPR017395|IPR029058|noIPR|noIPR|noIPR|IPR029058	Chlorophyllase|Alpha/Beta hydrolase fold|Alpha/Beta hydrolase fold|Alpha/Beta hydrolase fold|Alpha/Beta hydrolase fold|Alpha/Beta hydrolase fold	AT5G43860-chlorophyllase 2
MA_39567g0020	acetyl-coenzyme A carboxylase carboxyl transferase subunit chloroplastic-like isoform X1	GO:0003989|GO:0006090|GO:0006633|GO:0009317	acetyl-CoA carboxylase activity|pyruvate metabolic process|fatty acid biosynthetic process|acetyl-CoA carboxylase complex	Molecular Function|Biological Process|Biological Process|Cellular Component	noIPR|IPR001095|noIPR|noIPR|noIPR|noIPR|noIPR|noIPR	null|Acetyl-CoA carboxylase, alpha subunit|Acetyl-CoA carboxylase, alpha subunit|Acetyl-CoA carboxylase, alpha subunit|Acetyl-CoA carboxylase, alpha subunit|Acetyl-CoA carboxylase, alpha subunit|Acetyl-CoA carboxylase, alpha subunit|Acetyl-CoA carboxylase, alpha subunit	AT2G38040-acetyl Co-enzyme a carboxylase carboxyltransferase alpha subunit
MA_40328g0010	ABC transporter B family member 20	GO:0005524|GO:0016021|GO:0042626|GO:0055085	ATP binding|integral component of membrane|ATPase activity, coupled to transmembrane movement of substances|transmembrane transport	Molecular Function|Cellular Component|Molecular Function|Biological Process	IPR003593|noIPR|IPR036640|IPR011527|IPR003439|noIPR|noIPR|noIPR|noIPR|noIPR|noIPR|noIPR|IPR003439|IPR011527|IPR036640|IPR027417|noIPR|noIPR	AAA+ ATPase domain|AAA+ ATPase domain|ABC transporter type 1, transmembrane domain superfamily|ABC transporter type 1, transmembrane domain|ABC transporter-like|ABC transporter-like|ABC transporter-like|ABC transporter-like|ABC transporter-like|ABC transporter-like|ABC transporter-like|ABC transporter-like|ABC transporter-like|ABC transporter type 1, transmembrane domain|ABC transporter type 1, transmembrane domain superfamily|P-loop containing nucleoside triphosphate hydrolase|P-loop containing nucleoside triphosphate hydrolase|P-loop containing nucleoside triphosphate hydrolase	AT3G55320-P-glycoprotein 20
MA_411073g0010	methyl- -binding domain-containing 5	GO:0003677|GO:0005634	DNA binding|nucleus	Molecular Function|Cellular Component	IPR001739|noIPR|noIPR|noIPR|noIPR|noIPR|noIPR|noIPR|IPR001739|IPR016177	Methyl-CpG DNA binding|Methyl-CpG DNA binding|Methyl-CpG DNA binding|Methyl-CpG DNA binding|Methyl-CpG DNA binding|Methyl-CpG DNA binding|Methyl-CpG DNA binding|Methyl-CpG DNA binding|Methyl-CpG DNA binding|DNA-binding domain superfamily	AT3G46580-methyl-CPG-binding domain protein 5
MA_43342g0010	2S seed storage precursor	GO:0045735	nutrient reservoir activity	Molecular Function	IPR016140|IPR016140|noIPR|noIPR|noIPR|noIPR|noIPR|noIPR|noIPR|noIPR|noIPR|noIPR|IPR036312	Bifunctional inhibitor/plant lipid transfer protein/seed storage helical domain|Bifunctional inhibitor/plant lipid transfer protein/seed storage helical domain|Bifunctional inhibitor/plant lipid transfer protein/seed storage helical domain|Bifunctional inhibitor/plant lipid transfer protein/seed storage helical domain|Bifunctional inhibitor/plant lipid transfer protein/seed storage helical domain|Bifunctional inhibitor/plant lipid transfer protein/seed storage helical domain|Bifunctional inhibitor/plant lipid transfer protein/seed storage helical domain|Bifunctional inhibitor/plant lipid transfer protein/seed storage helical domain|Bifunctional inhibitor/plant lipid transfer protein/seed storage helical domain|Bifunctional inhibitor/plant lipid transfer protein/seed storage helical domain|Bifunctional inhibitor/plant lipid transfer protein/seed storage helical domain|Bifunctional inhibitor/plant lipid transfer protein/seed storage helical domain|Bifunctional inhibitor/plant lipid transfer protein/seed storage helical domain superfamily	NA
MA_4444898g0010	---NA---	NA	NA	NA	NA	NA	NA
MA_45108g0010	serine carboxypeptidase-like 27	GO:0004185|GO:0006508	serine-type carboxypeptidase activity|proteolysis	Molecular Function|Biological Process	IPR001563|IPR029058|IPR001563|IPR029058|IPR001563|noIPR|IPR018202|noIPR|noIPR|noIPR|IPR029058|noIPR	Peptidase S10, serine carboxypeptidase|Alpha/Beta hydrolase fold|Peptidase S10, serine carboxypeptidase|Alpha/Beta hydrolase fold|Peptidase S10, serine carboxypeptidase|Peptidase S10, serine carboxypeptidase|Serine carboxypeptidase, serine active site|Serine carboxypeptidase, serine active site|Serine carboxypeptidase, serine active site|Serine carboxypeptidase, serine active site|Alpha/Beta hydrolase fold|Alpha/Beta hydrolase fold	AT1G11080-serine carboxypeptidase-like 31
MA_459604g0010	transcription factor HBP-1b(c38)-like	GO:0006351|GO:0043565	transcription, DNA-templated|sequence-specific DNA binding	Biological Process|Molecular Function	IPR025422|noIPR|noIPR|IPR025422	Transcription factor TGA like domain|Transcription factor TGA like domain|Transcription factor TGA like domain|Transcription factor TGA like domain	AT5G06950-bZIP transcription factor family protein
MA_47978g0010	cyclase-associated 1-like	GO:0003779|GO:0007010	actin binding|cytoskeleton organization	Molecular Function|Biological Process	IPR006599|IPR013992|noIPR|IPR013912|noIPR|noIPR|IPR001837|noIPR|IPR017901|IPR036222|IPR036223	CARP motif|Adenylate cyclase-associated CAP, N-terminal|Adenylate cyclase-associated CAP, N-terminal|Adenylate cyclase-associated CAP, C-terminal|Adenylate cyclase-associated CAP, C-terminal|Adenylate cyclase-associated CAP, C-terminal|Adenylate cyclase-associated CAP|Adenylate cyclase-associated CAP|C-CAP/cofactor C-like domain|Adenylate cyclase-associated CAP, N-terminal  domain superfamily|Adenylate cyclase-associated CAP, C-terminal  superfamily	AT4G34490-cyclase associated protein 1
MA_491683g0010	---NA---	NA	NA	NA	noIPR	null	NA
MA_495425g0010	alpha-glucan H isozyme	GO:0005829|GO:0005975|GO:0008184|GO:0009414|GO:0009507|GO:0030170	cytosol|carbohydrate metabolic process|glycogen phosphorylase activity|response to water deprivation|chloroplast|pyridoxal phosphate binding	Cellular Component|Biological Process|Molecular Function|Biological Process|Cellular Component|Molecular Function	noIPR|noIPR|noIPR|noIPR|noIPR	null|null|null|null|null	NA
MA_4960065g0010	NBS-LRR	GO:0005524|GO:0007165|GO:0043531	ATP binding|signal transduction|ADP binding	Molecular Function|Biological Process|Molecular Function	noIPR|IPR036388|noIPR|IPR036390|IPR027417	null|Winged helix-like DNA-binding domain superfamily|Winged helix-like DNA-binding domain superfamily|Winged helix DNA-binding domain superfamily|P-loop containing nucleoside triphosphate hydrolase	NA
MA_51088g0010	probable methyltransferase PMT19	GO:0008168	methyltransferase activity	Molecular Function	noIPR|IPR004159|noIPR|noIPR|noIPR|noIPR|noIPR|noIPR|noIPR|noIPR|noIPR|IPR029063|noIPR	null|Putative S-adenosyl-L-methionine-dependent methyltransferase|Putative S-adenosyl-L-methionine-dependent methyltransferase|Putative S-adenosyl-L-methionine-dependent methyltransferase|Putative S-adenosyl-L-methionine-dependent methyltransferase|Putative S-adenosyl-L-methionine-dependent methyltransferase|Putative S-adenosyl-L-methionine-dependent methyltransferase|Putative S-adenosyl-L-methionine-dependent methyltransferase|Putative S-adenosyl-L-methionine-dependent methyltransferase|Putative S-adenosyl-L-methionine-dependent methyltransferase|Putative S-adenosyl-L-methionine-dependent methyltransferase|S-adenosyl-L-methionine-dependent methyltransferase|S-adenosyl-L-methionine-dependent methyltransferase	AT3G05390-S-adenosyl-L-methionine-dependent methyltransferase
MA_5117g0010	biotin carboxyl carrier of acetyl- carboxylase chloroplastic-like	GO:0003989|GO:0006090|GO:0006633|GO:0009317	acetyl-CoA carboxylase activity|pyruvate metabolic process|fatty acid biosynthetic process|acetyl-CoA carboxylase complex	Molecular Function|Biological Process|Biological Process|Cellular Component	IPR001249|IPR000089|noIPR|noIPR|noIPR|noIPR|noIPR|noIPR|noIPR|noIPR|noIPR|noIPR|noIPR|noIPR|IPR011053	Acetyl-CoA biotin carboxyl carrier|Biotin/lipoyl attachment|Biotin/lipoyl attachment|Biotin/lipoyl attachment|Biotin/lipoyl attachment|Biotin/lipoyl attachment|Biotin/lipoyl attachment|Biotin/lipoyl attachment|Biotin/lipoyl attachment|Biotin/lipoyl attachment|Biotin/lipoyl attachment|Biotin/lipoyl attachment|Biotin/lipoyl attachment|Biotin/lipoyl attachment|Single hybrid motif	AT5G16390-chloroplastic acetylcoenzyme A carboxylase 1
MA_53533g0010	subfamily B member 12	NA	NA	NA	IPR024593|noIPR|noIPR	Domain of unknown function DUF3444|Domain of unknown function DUF3444|Domain of unknown function DUF3444	AT5G53150-DnaJ heat shock amino-terminal domain protein
MA_53678g0010	---NA---	NA	NA	NA	noIPR|noIPR|noIPR	null|null|null	NA
MA_54099g0010	sphingolipid desaturase	GO:0006629	lipid metabolic process	Biological Process	IPR005804|noIPR|noIPR|noIPR	Fatty acid desaturase domain|Fatty acid desaturase domain|Fatty acid desaturase domain|Fatty acid desaturase domain	NA
MA_5438176g0010	probable disease resistance At4g33300	GO:0005515	protein binding	Molecular Function	IPR001611|IPR032675|noIPR|IPR032675	Leucine-rich repeat|Leucine-rich repeat domain superfamily|Leucine-rich repeat domain superfamily|Leucine-rich repeat domain superfamily	NA
MA_550468g0010	POLAR LOCALIZATION DURING ASYMMETRIC DIVISION AND REDISTRIBUTION	NA	NA	NA	noIPR|noIPR	null|null	NA
MA_57395g0010	malate	GO:0016491|GO:0055114	oxidoreductase activity|oxidation-reduction process	Molecular Function|Biological Process	IPR001236|noIPR|noIPR|noIPR|IPR036291	Lactate/malate dehydrogenase, N-terminal|Lactate/malate dehydrogenase, N-terminal|Lactate/malate dehydrogenase, N-terminal|Lactate/malate dehydrogenase, N-terminal|NAD(P)-binding domain superfamily	AT1G53240-Lactate/malate dehydrogenase family protein
MA_585675g0010	unknown	NA	NA	NA	IPR006476|IPR006476|IPR006476	Conserved hypothetical protein CHP01589, plant|Conserved hypothetical protein CHP01589, plant|Conserved hypothetical protein CHP01589, plant	AT3G55240-Plant protein 1589 of unknown function
MA_60018g0010	DNA (cytosine-5)-methyltransferase DRM2-like isoform X1	GO:0006306	DNA methylation	Biological Process	noIPR|noIPR|noIPR|noIPR|noIPR|noIPR|noIPR|IPR018117|IPR030380|IPR029063|IPR029063	null|null|null|null|null|null|null|DNA methylase, C-5 cytosine-specific, active site|SAM-dependent methyltransferase DRM|S-adenosyl-L-methionine-dependent methyltransferase|S-adenosyl-L-methionine-dependent methyltransferase	AT5G14620-domains rearranged methyltransferase 2
MA_6215853g0010	cell division homolog 2- chloroplastic-like	GO:0003924	GTPase activity	Molecular Function	IPR036525|IPR003008|noIPR|noIPR|IPR036525	Tubulin/FtsZ, GTPase domain superfamily|Tubulin/FtsZ, GTPase domain|Tubulin/FtsZ, GTPase domain|Tubulin/FtsZ, GTPase domain|Tubulin/FtsZ, GTPase domain superfamily	AT2G36250-Tubulin/FtsZ family protein
MA_63442g0010	unknown	GO:0004506|GO:0006694|GO:0016021|GO:0016114|GO:0050660|GO:0055114	squalene monooxygenase activity|steroid biosynthetic process|integral component of membrane|terpenoid biosynthetic process|flavin adenine dinucleotide binding|oxidation-reduction process	Molecular Function|Biological Process|Cellular Component|Biological Process|Molecular Function|Biological Process	IPR036188|IPR036188|noIPR|noIPR|noIPR|noIPR|noIPR|noIPR|noIPR	FAD/NAD(P)-binding domain superfamily|FAD/NAD(P)-binding domain superfamily|FAD/NAD(P)-binding domain superfamily|FAD/NAD(P)-binding domain superfamily|FAD/NAD(P)-binding domain superfamily|FAD/NAD(P)-binding domain superfamily|FAD/NAD(P)-binding domain superfamily|FAD/NAD(P)-binding domain superfamily|FAD/NAD(P)-binding domain superfamily	NA
MA_6431089g0010	At4g12030	GO:0016021	integral component of membrane	Cellular Component	noIPR|IPR004710|noIPR|noIPR|noIPR|noIPR	null|Bile acid:sodium symporter|Bile acid:sodium symporter|Bile acid:sodium symporter|Bile acid:sodium symporter|Bile acid:sodium symporter	AT4G12030-bile acid transporter 5
MA_6448622g0010	D -box ATP-dependent RNA helicase D 10 isoform X1	GO:0003723|GO:0004004|GO:0005524|GO:0005829|GO:0006397|GO:0010093|GO:0016607|GO:0055087|GO:0060149|GO:0070478	RNA binding|ATP-dependent RNA helicase activity|ATP binding|cytosol|mRNA processing|specification of floral organ identity|nuclear speck|Ski complex|negative regulation of posttranscriptional gene silencing|nuclear-transcribed mRNA catabolic process, 3'-5' exonucleolytic nonsense-mediated decay	Molecular Function|Molecular Function|Molecular Function|Cellular Component|Biological Process|Biological Process|Cellular Component|Cellular Component|Biological Process|Biological Process	IPR012961|IPR012961|noIPR|noIPR	ATP-dependent RNA helicase Ski2, C-terminal|ATP-dependent RNA helicase Ski2, C-terminal|ATP-dependent RNA helicase Ski2, C-terminal|ATP-dependent RNA helicase Ski2, C-terminal	AT2G06990-RNA helicase, ATP-dependent, SK12/DOB1 protein
MA_66942g0010	Hpc2-related domain	NA	NA	NA	noIPR|noIPR	null|null	AT1G21610-wound-responsive family protein
MA_682213g0010	biotin carboxylase chloroplastic	GO:0005524	ATP binding	Molecular Function	noIPR|IPR005479|noIPR|noIPR|noIPR	null|Carbamoyl-phosphate synthetase large subunit-like, ATP-binding domain|Carbamoyl-phosphate synthetase large subunit-like, ATP-binding domain|Carbamoyl-phosphate synthetase large subunit-like, ATP-binding domain|Carbamoyl-phosphate synthetase large subunit-like, ATP-binding domain	AT5G35360-acetyl Co-enzyme a carboxylase biotin carboxylase subunit
MA_682940g0010	unknown	GO:0016021	integral component of membrane	Cellular Component	noIPR|noIPR|noIPR|noIPR|noIPR|noIPR	null|null|null|null|null|null	NA
MA_69192g0010	---NA---	NA	NA	NA	noIPR|noIPR|noIPR|noIPR|noIPR|noIPR|noIPR|noIPR	null|null|null|null|null|null|null|null	NA
MA_705422g0010	cinnamoyl- reductase 1	GO:0003824|GO:0050662	catalytic activity|coenzyme binding	Molecular Function|Molecular Function	noIPR|noIPR|IPR001509|noIPR|noIPR|IPR036291	null|null|NAD-dependent epimerase/dehydratase|NAD-dependent epimerase/dehydratase|NAD-dependent epimerase/dehydratase|NAD(P)-binding domain superfamily	AT5G58490-NAD(P)-binding Rossmann-fold superfamily protein
MA_7064558g0010	ABC transporter F family member 4-like	GO:0046872	metal ion binding	Molecular Function	IPR001841|IPR013083|IPR001841|noIPR|noIPR|noIPR|IPR017907|IPR001841|noIPR	Zinc finger, RING-type|Zinc finger, RING/FYVE/PHD-type|Zinc finger, RING-type|Zinc finger, RING-type|Zinc finger, RING-type|Zinc finger, RING-type|Zinc finger, RING-type, conserved site|Zinc finger, RING-type|Zinc finger, RING-type	AT3G05670-RING/U-box protein
MA_7165770g0010	(-)-linalool synthase	GO:0008152|GO:0010333	metabolic process|terpene synthase activity	Biological Process|Molecular Function	IPR001906|IPR036965|noIPR|IPR008930	Terpene synthase, N-terminal domain|Terpene synthase, N-terminal domain superfamily|Terpene synthase, N-terminal domain superfamily|Terpenoid cyclases/protein prenyltransferase alpha-alpha toroid	AT4G02780-Terpenoid cyclases/Protein prenyltransferases superfamily protein
MA_769629g0010	vicilin-like storage	GO:0045735	nutrient reservoir activity	Molecular Function	IPR014710|IPR014710|IPR006045|IPR014710|IPR014710|noIPR|noIPR|noIPR|noIPR|IPR011051	RmlC-like jelly roll fold|RmlC-like jelly roll fold|Cupin 1|RmlC-like jelly roll fold|RmlC-like jelly roll fold|RmlC-like jelly roll fold|RmlC-like jelly roll fold|RmlC-like jelly roll fold|RmlC-like jelly roll fold|RmlC-like cupin domain superfamily	AT3G22640-cupin family protein
MA_78087g0010	ABHD11 isoform X1	GO:0016787	hydrolase activity	Molecular Function	IPR029058|noIPR|noIPR|IPR029058	Alpha/Beta hydrolase fold|Alpha/Beta hydrolase fold|Alpha/Beta hydrolase fold|Alpha/Beta hydrolase fold	AT4G10030-alpha/beta-Hydrolases superfamily protein
MA_7927g0010	Dicer-like 3	GO:0003677|GO:0005524|GO:0016787	DNA binding|ATP binding|hydrolase activity	Molecular Function|Molecular Function|Molecular Function	IPR006935|noIPR|noIPR|noIPR|noIPR|noIPR|IPR014001|noIPR|IPR027417	Helicase/UvrB, N-terminal|Helicase/UvrB, N-terminal|Helicase/UvrB, N-terminal|Helicase/UvrB, N-terminal|Helicase/UvrB, N-terminal|Helicase/UvrB, N-terminal|Helicase superfamily 1/2, ATP-binding domain|Helicase superfamily 1/2, ATP-binding domain|P-loop containing nucleoside triphosphate hydrolase	AT3G43920-dicer-like 3
MA_7929538g0010	unknown	NA	NA	NA	NA	NA	NA
MA_7937116g0010	11-S seed storage	GO:0045735	nutrient reservoir activity	Molecular Function	IPR006045|IPR006045|IPR014710|noIPR|noIPR|noIPR|noIPR|IPR022379|IPR011051	Cupin 1|Cupin 1|RmlC-like jelly roll fold|RmlC-like jelly roll fold|RmlC-like jelly roll fold|RmlC-like jelly roll fold|RmlC-like jelly roll fold|11-S seed storage protein, conserved site|RmlC-like cupin domain superfamily	AT1G03890-RmlC-like cupins superfamily protein
MA_7943298g0010	unknown	NA	NA	NA	NA	NA	NA
MA_8013256g0010	2S seed storage precursor	GO:0045735	nutrient reservoir activity	Molecular Function	IPR016140|IPR016140|noIPR|noIPR|IPR036312	Bifunctional inhibitor/plant lipid transfer protein/seed storage helical domain|Bifunctional inhibitor/plant lipid transfer protein/seed storage helical domain|Bifunctional inhibitor/plant lipid transfer protein/seed storage helical domain|Bifunctional inhibitor/plant lipid transfer protein/seed storage helical domain|Bifunctional inhibitor/plant lipid transfer protein/seed storage helical domain superfamily	NA
MA_8098278g0010	legumin-like storage	NA	NA	NA	IPR014710|noIPR	RmlC-like jelly roll fold|RmlC-like jelly roll fold	NA
MA_8318995g0010	DETOXIFICATION chloroplastic	GO:0006855|GO:0015238|GO:0015297|GO:0016021	drug transmembrane transport|drug transmembrane transporter activity|antiporter activity|integral component of membrane	Biological Process|Molecular Function|Molecular Function|Cellular Component	noIPR|noIPR|noIPR|noIPR|noIPR|noIPR|noIPR|noIPR|noIPR|noIPR|noIPR	null|null|null|null|null|null|null|null|null|null|null	AT4G38380-MATE efflux family protein
MA_8514g0010	biotin carboxylase chloroplastic	GO:0004075|GO:0005524|GO:0006633|GO:0009343|GO:0046872	biotin carboxylase activity|ATP binding|fatty acid biosynthetic process|biotin carboxylase complex|metal ion binding	Molecular Function|Molecular Function|Biological Process|Cellular Component|Molecular Function	IPR005482|IPR005482|noIPR|IPR005479|noIPR|noIPR|IPR005479|IPR011761|IPR011764|noIPR|IPR011054	Biotin carboxylase, C-terminal|Biotin carboxylase, C-terminal|Biotin carboxylase, C-terminal|Carbamoyl-phosphate synthetase large subunit-like, ATP-binding domain|Carbamoyl-phosphate synthetase large subunit-like, ATP-binding domain|Carbamoyl-phosphate synthetase large subunit-like, ATP-binding domain|Carbamoyl-phosphate synthetase large subunit-like, ATP-binding domain|ATP-grasp fold|Biotin carboxylation domain|Biotin carboxylation domain|Rudiment single hybrid motif	AT5G35360-acetyl Co-enzyme a carboxylase biotin carboxylase subunit
MA_89868g0010	unknown	GO:0003924	GTPase activity	Molecular Function	noIPR|noIPR|IPR036525	null|null|Tubulin/FtsZ, GTPase domain superfamily	AT3G52750-Tubulin/FtsZ family protein
MA_904606g0010	BTB POZ domain-containing At1g63850-like	NA	NA	NA	noIPR|noIPR|noIPR	null|null|null	AT1G63850-BTB/POZ domain-containing protein
MA_91576g0010	basic leucine zipper 43-like	GO:0003700|GO:0005667|GO:0006355|GO:0045449	transcription factor activity, sequence-specific DNA binding|transcription factor complex|regulation of transcription, DNA-templated|regulation of transcription, DNA-templated	Molecular Function|Cellular Component|Biological Process|Biological Process	noIPR|IPR004827|IPR004827|noIPR|noIPR|noIPR|IPR004827|IPR004827|noIPR|noIPR	null|Basic-leucine zipper domain|Basic-leucine zipper domain|Basic-leucine zipper domain|Basic-leucine zipper domain|Basic-leucine zipper domain|Basic-leucine zipper domain|Basic-leucine zipper domain|Basic-leucine zipper domain|Basic-leucine zipper domain	NA
MA_9197846g0010	Golgi to ER traffic 4 homolog	GO:0045048|GO:0071818	protein insertion into ER membrane|BAT3 complex	Biological Process|Cellular Component	IPR007317|IPR007317	Uncharacterised protein family UPF0363|Uncharacterised protein family UPF0363	AT5G63220-golgi-to-ER traffic-like protein
MA_94549g0010	unknown	GO:0016021	integral component of membrane	Cellular Component	IPR009606|noIPR|noIPR|noIPR|noIPR|noIPR|noIPR|noIPR|noIPR|noIPR	Protein of unknown function DUF1218|Protein of unknown function DUF1218|Protein of unknown function DUF1218|Protein of unknown function DUF1218|Protein of unknown function DUF1218|Protein of unknown function DUF1218|Protein of unknown function DUF1218|Protein of unknown function DUF1218|Protein of unknown function DUF1218|Protein of unknown function DUF1218	AT5G17210-transmembrane protein, putative (DUF1218)
MA_9733g0020	PREDICTED: uncharacterized protein LOC103720646 isoform X2	NA	NA	NA	noIPR|IPR011989|noIPR|noIPR|noIPR	null|Armadillo-like helical|Armadillo-like helical|Armadillo-like helical|Armadillo-like helical	AT5G26850-Uncharacterized protein
MA_97669g0010	NADPH-dependent 1-acyldihydroxyacetone phosphate reductase	GO:0016020	membrane	Cellular Component	noIPR|noIPR|noIPR|noIPR|noIPR|noIPR|IPR036291	null|null|null|null|null|null|NAD(P)-binding domain superfamily	AT5G10050-NAD(P)-binding Rossmann-fold superfamily protein
